Снинговый номер,Пол,Полных лет,"Образование(0-начальное, 4-высшее)","Род занятий(0-0, работает-1","Семейное положение(0-0, 1-женат)",Удовлетворенность семеными отношениями,Удовлетворенность материальным положением,Здоровье от 1 до 10,Были ли нарушения сна,ИМТ,Операции,Аллергии,СД,Забол кожи,ГБ,Панкреатит,Дисфункция ЖКТ,ЧМТ,Насл отягощенность,Дебют,Частота госпит,Стаж шизофр,P,N,G,(СОН)psqi больше 6,(ТРЕВОГА)Гаиильтон больше 16,(ДЕПРЕССИЯ)madrs больше 6,(ДЕПРЕССИЯ)Калгари больше 5
УП-1,М,32,4,0,0,5,0,7,1,24.01234568,0,0,0,0,0,0,0,1,0,28.3,0,3.7,11,11,18,0,0,0,0
УП-2,М,26,2,0,0,5,0,10,1,20.24489796,0,0,0,0,0,0,0,0,0,26,1,2,10,25,36,1,0,1,1
УП-3,М,49,2,0,0,5,1,10,0,29.75274443,0,0,0,0,0,0,0,1,0,26,2,23,9,16,23,0,0,0,0
УП-4,М,50,2,0,0,5,1,7,1,22.09317005,1,0,0,0,0,0,0,2,0,16,1,34,13,13,20,0,0,0,0
УП-5,М,27,2,1,0,5,1,9,1,26.06167931,0,1,0,0,0,0,0,1,0,21,0,6,7,9,22,0,0,0,0
УП-6,М,39,2,0,0,5,1,7,0,20.76124567,1,0,0,0,1,0,0,2,1,34,0,4,9,13,22,0,0,0,0
УП-7,М,23,3,0,0,4,1,7,0,19.62323391,1,1,0,0,0,0,0,0,0,20,0,3,7,9,22,1,1,1,0
УП-8,М,26,2,1,1,5,1,10,1,25.73708141,0,0,0,0,0,0,0,0,0,25,2,1,7,9,21,0,0,0,0
УП-9,М,37,4,0,0,5,1,7,0,24.50894577,1,1,0,0,1,0,0,2,0,20,2,17,9,15,22,0,0,0,0
УП-10,М,31,2,0,0,1,0,7,0,20.60378035,0,1,0,0,1,0,0,2,1,17,2,14,7,14,38,1,1,1,1
УП-11,М,35,3,0,0,5,1,5,0,23.54788069,1,0,0,0,0,0,0,2,0,22.8,2,12.2,14,20,40,1,1,1,0
УП-12,М,28,2,1,0,5,0,7,1,23.0400202,0,1,0,0,0,0,0,1,1,24.03,0,3.97,7,15,22,0,0,0,0
УП-13,М,31,3,0,0,1,0,3,1,26.12861083,0,0,0,0,1,0,1,2,0,22,1,9,7,7,16,0,0,0,0
УП-14,М,23,2,0,0,4,1,7,0,18.81214727,1,0,0,0,0,0,0,1,0,17.33,0,5.67,15,11,28,1,0,0,0
УП-15,М,37,3,1,0,5,0,7,0,20.76124567,0,0,0,1,0,0,1,2,1,26,2,11,18,7,22,1,0,0,0
УП-16,М,39,3,1,0,1,0,1,1,23.14814815,1,0,0,0,0,0,0,1,1,23,2,16,19,13,41,1,1,1,1
УП-17,М,29,1,0,0,5,1,10,1,25.66115203,0,0,0,0,0,0,0,1,1,13,2,16,15,9,26,1,0,0,0
УП-18,М,36,4,0,0,1,0,7,1,29.40778799,1,0,0,0,0,0,0,1,1,21,2,15,11,19,48,1,1,1,1
УП-19,М,33,3,1,1,5,1,10,1,26.82742078,1,0,0,0,0,0,0,2,1,20,0,13,9,7,25,1,0,1,0
УП-20,М,24,2,1,0,5,1,5,1,25.390625,1,0,0,0,0,0,0,0,1,16,0,8,12,11,23,1,1,1,1
УП-21,М,54,4,0,0,2,0,5,0,29.41176471,0,0,0,0,0,0,0,0,0,35,2,19,14,11,31,0,0,0,0
УП-22,М,32,2,0,0,5,1,9,0,22.72440348,0,0,0,0,0,0,0,2,1,15,2,17,8,9,22,0,0,0,0
УП-23,М,29,2,0,0,4,1,10,0,21.87755102,1,0,0,1,0,0,0,2,1,18,2,11,8,9,24,0,0,0,0
УП-24,М,49,2,0,0,4,0,10,0,24.09297052,1,0,0,0,0,0,0,2,0,29,2,20,7,7,18,0,0,0,0
УП-25,М,34,2,1,0,4,0,10,1,22.38631428,1,0,0,0,0,0,0,1,0,17,2,17,13,12,28,1,0,1,1
УП-26,М,45,2,0,0,5,1,9,1,26.92743764,0,0,0,0,0,0,0,1,1,20.5,2,24.5,8,7,20,1,0,0,0
УП-27,М,43,0,0,0,3,0,9,0,21.84700852,1,1,0,0,0,0,0,2,1,25,2,18,8,19,19,1,0,0,0
УП-28,М,36,2,0,0,1,1,10,0,27.1430375,0,0,0,0,0,0,0,2,1,20,2,16,7,7,16,1,0,0,0
УП-29,М,56,2,0,0,2,1,4,1,17.87481247,1,0,0,0,0,0,0,2,1,22,2,34,8,13,22,0,0,0,0
УП-30,М,56,2,0,0,5,1,10,0,23.42355741,0,0,0,0,0,0,0,2,1,32,2,24,8,8,25,0,0,0,0
УП-31,М,36,2,0,0,4,0,10,1,18.31285444,0,1,0,0,0,0,0,2,0,25,2,11,11,16,43,1,1,1,1
УП-32,М,42,2,0,0,5,1,5,1,26.95984034,0,0,0,0,0,0,0,2,1,18,0,24,22,15,37,1,0,0,1
УП-33,М,40,3,0,0,3,0,7,1,20.04744562,0,0,0,0,0,0,0,1,0,19,0,21,11,20,35,0,0,1,1
УП-34,М,43,2,0,0,3,0,7,0,23.45679012,0,0,0,0,0,0,0,0,0,24,0,19,15,11,31,1,1,1,1
УП-35,М,49,2,0,0,5,0,7,1,32.71604938,0,1,0,0,0,0,0,2,0,19,0,30,12,12,25,1,0,0,0
УП-36,М,50,2,1,1,4,0,7,0,22.5981405,1,0,0,0,0,1,0,0,1,23,2,27,10,8,20,0,0,0,0
УП-37,М,54,4,0,1,5,1,7,1,23.45679012,1,0,0,0,0,0,0,2,1,18,2,36,13,7,23,1,1,0,0
УП-38,М,47,2,1,1,5,0,9,1,24.83564646,0,0,0,1,0,1,0,1,0,24,2,23,14,8,24,1,0,1,0
УП-39,М,42,2,0,0,3,1,9,1,20.80856124,1,0,0,1,0,0,0,1,0,16.5,2,25.5,13,22,30,1,0,1,1
УП-40,М,39,4,0,0,5,1,9,1,22.72440348,1,0,0,0,0,0,0,1,0,26,2,13,10,15,25,1,1,1,0
УП-41,М,32,2,0,0,1,1,9,0,20.14797199,1,0,0,0,0,0,0,1,1,20,2,12,11,9,18,0,0,0,0
УП-42,М,52,2,0,0,3,1,5,0,29.72651605,1,0,0,0,1,0,0,1,0,44,0,8,13,10,24,0,0,0,0
УП-43,М,38,2,1,0,2,0,2,0,21.38593635,0,0,0,0,0,0,0,2,0,27,0,11,10,22,31,0,0,1,0
УП-44,М,67,4,0,0,3,0,9,0,23.67125363,1,0,0,1,1,0,1,1,0,37,2,30,13,16,27,0,0,0,0
УП-45,М,35,2,0,0,2,1,3,1,23.26869806,1,1,0,0,0,0,1,2,1,12,0,23,32,30,40,1,0,0,0
УП-46,М,53,2,0,0,5,1,10,1,19.25261962,1,0,0,0,0,0,0,0,0,21,2,32,14,7,27,1,0,1,0
УП-47,М,30,2,0,0,4,1,8,1,20.00656932,1,0,0,0,0,0,0,2,0,22,2,8,8,19,28,1,0,0,0
УП-48,М,41,3,0,0,5,1,8,1,33.95061728,0,1,0,0,1,0,0,1,1,18,0,23,10,9,19,0,1,0,0
УП-49,М,52,2,1,0,3,1,5,1,19.69266529,1,1,0,0,0,0,0,1,1,20,2,32,10,9,17,0,0,0,0
УП-50,М,36,2,0,0,5,1,10,1,24.4646016,0,0,0,0,0,1,1,0,0,16,2,20,8,13,19,1,0,1,0
УП-51,М,45,2,0,0,5,1,8,1,19.56823633,1,0,0,0,0,0,0,2,1,18,2,27,12,20,23,0,0,0,0
УП-52,М,53,2,0,0,5,1,7,1,21.14631991,1,0,0,0,0,0,0,2,1,18,0,35,10,8,29,1,0,0,0
УП-53,Ж,58,2,0,0,4,0,1,0,24.50894577,0,0,1,0,1,0,1,2,1,18,2,40,22,17,43,0,1,1,0
УП-54,Ж,61,4,0,0,4,1,7,1,23.828125,1,0,0,0,0,0,0,0,1,26,2,35,18,9,33,1,0,1,0
УП-55,Ж,43,2,0,0,1,0,7,1,29.41176471,0,0,0,0,0,1,0,0,1,14,2,29,20,7,24,1,1,1,0
УП-56,Ж,44,3,0,1,5,1,9,1,37.33333333,1,1,0,1,0,0,0,2,0,22,2,22,17,10,23,0,0,0,0
УП-57,Ж,42,4,0,0,5,1,10,1,22.60026298,1,1,0,0,0,0,0,2,1,21,2,21,23,14,33,1,1,1,0
УП-58,Ж,49,4,0,0,5,1,1,1,20.2020202,0,0,0,1,0,1,0,0,0,30,2,19,20,25,46,1,1,1,1
УП-59,Ж,52,4,0,0,2,0,7,1,29.04657027,1,1,1,0,0,0,0,2,1,31,2,21,10,16,25,1,0,0,0
УП-60,Ж,60,4,0,0,3,0,9,1,27.81588173,0,0,1,0,1,0,0,0,1,27,0,33,17,10,25,0,0,0,0
УП-61,Ж,56,4,0,1,5,1,9,0,34.11235303,0,0,0,0,0,0,0,0,0,25,0,31,20,18,30,0,0,0,0
УП-62,Ж,41,2,0,0,5,1,8,1,25.95155709,1,0,0,0,0,0,1,0,1,20,0,21,17,11,19,0,0,0,0
УП-63,Ж,33,2,1,0,4,0,10,0,34.94809689,0,0,0,0,0,0,0,0,1,29,0,4,9,8,21,0,0,0,0
УП-64,Ж,42,4,0,0,1,1,7,0,20.2020202,1,1,0,0,1,0,0,1,0,26,0,16,21,20,26,1,0,0,0
УП-65,Ж,35,3,0,0,1,0,1,1,22.15102251,1,1,0,0,0,0,0,1,0,17,0,18,8,8,22,1,0,1,0
УП-69,Ж,42,2,0,0,5,1,10,1,28.60476495,1,0,0,0,0,0,1,1,1,24,0,18,22,11,36,1,1,1,1
УП-70,Ж,53,2,0,0,5,1,10,0,32.04998174,1,0,0,0,0,0,0,0,0,22,2,31,11,23,24,0,0,0,0
УП-71,Ж,60,4,0,1,4,1,9,1,40.4040404,0,0,0,0,0,0,0,0,0,27,2,33,11,16,22,0,0,0,0
УП-72,Ж,48,4,0,0,1,1,7,1,27.06405159,1,1,0,0,0,1,0,1,0,26,2,22,15,8,22,1,1,1,1
УП-73,Ж,39,2,0,1,4,0,9,0,20.54569362,1,0,0,0,0,0,0,2,1,24,2,15,7,7,16,0,0,0,0
УП-74,Ж,57,2,0,0,3,0,5,1,25.23634033,0,0,1,0,1,1,0,2,1,26,2,31,19,13,22,1,1,1,1
УП-75,Ж,31,2,0,0,2,0,8,1,19.140625,0,0,0,0,0,0,0,1,1,15,2,16,10,16,34,1,0,1,1
УП-76,М,32,4,1,0,1,0,10,0,27.74474832,1,0,0,0,1,0,0,2,0,20,2,12,7,9,18,0,0,0,0
УП-77,М,32,3,0,0,1,0,8,0,25.28010986,1,0,0,1,0,0,0,1,1,17,2,15,20,9,35,1,1,1,1
УП-78,М,48,1,0,0,3,0,10,1,22.22222222,0,0,0,0,0,0,0,1,0,17,0,31,18,14,25,0,0,0,0
УП-79,М,27,2,0,0,4,0,3,0,26.19618735,1,1,0,0,0,0,0,1,1,19,2,8,12,12,22,0,0,0,0
УП-80,М,34,4,0,0,1,1,5,0,21.67125803,0,1,0,0,1,0,0,0,0,21,2,13,25,9,26,0,0,0,0
УП-81,М,26,2,0,0,5,1,10,0,25.25951557,1,0,0,1,0,0,0,2,0,23,0,3,7,13,22,0,0,0,0
УП-82,М,45,2,0,0,3,0,10,0,21.25624402,1,0,0,0,0,0,0,0,0,22,2,23,12,13,25,1,0,0,0
УП-83,М,30,3,1,0,4,0,5,1,29.3523545,1,0,0,0,0,1,1,2,1,18,0,12,8,10,28,0,1,1,1
УП-84,М,33,4,0,0,5,1,10,0,30.86419753,0,0,0,0,0,0,0,2,0,19,2,14,7,7,22,0,0,0,0
УП-85,М,33,2,0,0,4,0,7,1,29.38475666,0,0,0,0,0,1,0,0,0,30,2,3,7,15,30,1,0,1,1
УП-86,М,20,2,1,0,5,0,10,1,18.68512111,1,0,0,1,0,0,0,2,1,15,2,5,11,11,28,0,1,0,0
УП-87,М,58,4,1,1,5,0,8,0,33.51458568,1,0,0,1,1,1,0,2,0,23,2,35,12,8,24,1,0,0,0
УП-88,М,51,4,0,0,5,1,10,1,28.40550436,1,0,0,1,0,0,0,2,1,28,2,23,7,12,18,1,0,0,0
УП-89,М,59,2,0,0,2,0,10,0,25.95155709,0,0,0,0,0,0,0,0,1,20,0,39,9,13,19,0,0,0,0
УП-90,М,35,3,0,0,5,0,10,0,20.2812331,0,0,0,0,0,0,0,2,0,23,2,12,7,9,18,0,0,0,0
УП-91,М,21,3,1,0,5,0,6,0,18.51851852,0,0,0,0,0,0,0,0,0,20,0,1,10,11,21,1,0,0,0
УП-92,М,32,2,0,0,5,1,7,1,26.5625,0,1,0,0,0,0,0,1,1,22,0,10,18,26,38,0,1,1,0
УП-93,М,21,3,0,0,5,1,8,0,18.81214727,1,0,0,0,0,0,0,0,0,8,1,13,9,8,18,0,1,0,0
УП-94,М,55,2,0,0,5,1,10,1,24.22145329,0,0,0,0,1,0,0,2,1,45,2,10,7,7,18,0,0,0,0
УП-95,М,35,4,1,0,1,0,6,1,30.58581193,1,0,0,0,1,0,0,2,1,23,0,12,17,9,34,0,0,1,1
УП-96,М,33,2,0,0,5,0,9,1,33.51527339,1,0,0,1,0,0,0,2,1,25,2,8,15,7,20,1,1,0,0
УП-97,М,19,2,0,0,5,1,10,0,23.45679012,0,0,0,0,0,0,0,0,0,18,0,1,11,27,29,0,0,1,1
УП-98,М,44,1,0,0,4,1,6,1,16.7276859,1,0,0,0,0,0,0,0,1,23,0,21,20,19,32,0,0,1,0
УП-99,М,20,2,0,0,3,1,10,1,20.2020202,0,0,0,0,0,0,0,0,0,13,2,7,15,36,42,0,1,0,0
УП-100,Ж,34,4,0,0,1,1,5,1,25.30693205,1,0,0,0,0,1,0,0,0,21,2,13,12,9,18,1,1,0,0
УП-101,Ж,34,4,0,0,5,1,10,1,22.0603538,0,0,0,0,0,1,0,0,0,30,1,4,7,7,26,1,0,0,0
УП-102,Ж,44,2,0,1,5,1,3,1,24.03460984,1,0,0,0,0,0,0,2,1,20,1,24,10,7,26,1,0,1,1
УП-103,М,24,2,0,0,5,1,8,1,22.39541342,0,0,0,0,0,0,0,2,0,23,2,1,10,11,26,1,0,0,0
УП-104,Ж,57,2,1,0,2,0,7,1,29.06574394,1,0,0,0,0,0,0,1,0,36,0,21,15,17,31,1,1,1,0
УП-105,Ж,35,2,1,0,5,0,7,1,30.11621315,1,0,0,0,0,1,1,1,1,22,0,13,13,9,20,1,0,0,0
УП-106,М,26,2,0,0,4,1,7,0,24.89706023,0,0,0,0,0,0,0,2,1,19,0,7,7,9,23,0,0,1,0
УП-107,Ж,42,4,1,1,2,1,2,1,17.7999288,0,0,0,0,0,0,0,0,0,16,2,26,7,12,30,1,1,1,1
УП-108,Ж,40,2,0,1,5,1,10,1,28.56648199,0,0,0,0,1,1,0,2,1,22,1,18,7,7,16,0,0,0,0
УП-109,Ж,48,3,0,1,4,1,10,1,23.01117686,0,0,0,0,0,0,0,1,0,38,2,10,7,7,24,1,0,0,0
УП-110,Ж,52,4,1,0,2,1,4,1,37.55205235,0,1,0,0,1,0,0,0,1,30.5,0,21.5,7,9,19,0,0,0,0
УП-111,М,27,4,0,0,5,1,7,0,31.60011491,0,0,0,0,1,1,1,2,1,24,0,3,12,13,35,1,0,0,0
УП-112,М,40,2,0,0,4,0,10,1,18.66666667,0,1,0,0,0,0,0,1,0,21,1,19,21,20,24,1,0,1,1
УП-113,Ж,48,4,0,0,5,1,9,1,26.98961938,0,0,1,0,1,0,0,0,0,21,2,27,9,10,18,0,0,0,0
УП-114,Ж,59,2,0,0,4,1,9,1,20.02884153,1,0,0,0,1,0,0,2,0,31,2,28,7,7,18,0,1,0,0
УП-115,Ж,57,2,0,0,5,1,8,1,29.37239738,1,0,0,0,1,1,0,2,0,17,2,40,7,7,16,0,0,0,0
УП-116,Ж,38,2,0,0,1,0,10,0,21.875,0,0,0,0,0,0,0,0,1,22,0,16,16,28,29,0,0,0,0
УП-117,Ж,22,2,0,0,5,1,6,0,19.23356075,0,0,0,0,0,0,0,1,0,20,0,2,18,17,32,0,1,1,1
УП-118,Ж,38,4,0,0,2,0,7,0,18.87066338,1,0,0,1,0,0,0,0,0,26,2,12,7,7,25,0,0,0,0
УП-120,Ж,33,2,0,0,2,0,3,1,28.57796068,0,0,0,0,0,0,0,0,1,27,0,6,28,17,43,1,1,1,1
УП-121,Ж,37,2,0,1,5,1,7,1,27.76709812,1,1,0,0,1,1,1,1,1,19,1,18,11,11,19,1,0,0,0
УП-122,М,30,4,0,0,2,0,9,0,22.5710475,1,1,0,0,0,1,0,1,0,20,1,10,11,14,29,0,0,0,0
УП-123,М,32,2,0,0,4,0,8,0,23.38868656,0,0,0,0,0,0,0,0,0,27,1,5,10,8,21,1,0,0,0
УП-124,М,28,2,1,0,2,1,10,1,22.98190175,0,0,0,0,0,0,0,1,1,21,2,7,9,17,27,0,0,0,0
УП-125,Ж,40,4,0,0,5,1,8,1,31.59626039,1,0,0,0,0,0,0,1,0,29,0,11,14,14,26,1,0,0,1
УП-126,Ж,59,1,0,0,3,1,10,1,25.76298058,0,0,0,0,0,0,0,1,0,26,0,33,11,20,28,0,0,0,0
УП-127,Ж,33,4,1,0,3,0,8,0,19.37716263,0,1,0,0,0,1,0,0,0,28,0,5,9,7,22,0,0,1,0
УП-128,Ж,39,2,0,1,5,1,10,1,37.46097815,1,1,0,0,0,0,0,0,0,36,2,3,9,9,22,0,0,0,0
УП-129,Ж,29,4,0,0,2,1,10,0,14.00511187,1,0,0,0,0,0,0,0,0,23,0,6,7,9,24,0,0,1,0
УП-130,Ж,57,2,0,0,5,1,10,1,17.96875,1,0,0,0,0,0,1,0,1,29,2,28,7,7,16,1,0,0,1
УП-131,Ж,40,4,0,1,5,1,10,1,27.40765728,1,0,0,0,0,0,0,1,1,28,1,12,7,7,16,0,0,0,0
УП-132,Ж,47,2,0,0,5,0,7,1,21.67125803,1,1,0,1,0,0,0,1,1,33,0,14,23,14,36,1,1,1,1
УП-133,Ж,32,4,0,0,5,1,8,1,22.94811574,0,0,0,0,0,0,0,0,1,24,2,8,8,15,23,0,0,0,0
УП-134,Ж,48,4,0,0,2,0,8,1,22.60026298,1,1,0,1,0,1,1,0,1,28,0,20,13,15,24,1,0,0,0
УП-135,Ж,36,3,0,0,2,1,10,0,23.42355741,1,0,0,0,0,1,0,0,0,22,2,14,15,11,30,0,1,1,1
УП-136,Ж,55,2,0,0,1,0,9,1,32.03125,0,0,0,0,1,0,1,2,1,17,2,38,7,7,24,0,0,1,0
УП-137,Ж,56,2,1,0,2,1,10,1,29.296875,0,0,0,1,1,0,0,0,1,17,0,39,7,7,18,0,0,0,0
УП-138,Ж,24,3,0,0,2,1,10,1,30.11621315,1,0,0,0,0,0,0,1,0,23,2,1,7,7,21,0,0,0,0
УП-139,Ж,29,2,0,0,1,0,10,1,22.40587695,1,1,0,0,1,0,0,1,1,27,2,2,12,8,22,0,0,0,0
УП-140,Ж,57,3,0,0,1,0,5,1,18.93877551,1,0,0,0,0,0,0,0,1,41,2,16,7,5,18,1,0,1,1
УП-141,Ж,52,2,0,0,5,0,10,0,24.21875,0,0,0,0,0,0,0,2,0,33,0,19,17,19,34,0,1,0,0
УП-142,М,57,2,0,0,3,0,5,0,19.14782867,1,0,0,0,0,0,0,0,0,23,0,34,21,13,28,1,0,0,0
УП-144,Ж,31,2,0,1,5,1,10,1,27.55555556,0,0,0,0,0,0,0,0,1,30,0,1,7,7,30,0,1,1,0
УП-145,М,31,2,0,0,5,1,10,1,22.5981405,1,0,0,1,0,0,0,0,0,27,0,4,7,7,16,1,1,0,0
УП-146,М,30,2,0,0,4,0,3,1,30.48315806,1,0,0,0,0,0,0,1,0,25,1,5,14,10,25,1,0,1,1
УП-147,Ж,35,4,1,1,5,0,7,1,23.62444749,0,1,0,0,0,0,1,0,1,33.5,0,1.5,7,8,22,1,0,0,0
УП-148,Ж,34,2,1,1,5,1,10,0,21.71925011,0,0,0,0,0,0,0,0,0,19,0,15,7,7,16,0,0,0,0
УП-149,М,24,2,0,0,5,1,7,0,30.71739992,0,0,0,0,0,0,0,0,1,21,1,3,14,11,20,0,1,0,0
УП-150,М,30,2,0,0,4,1,10,1,35.15413737,1,0,0,0,0,0,1,1,0,20,0,10,20,11,22,1,1,1,0
УП-151,Ж,21,1,0,0,4,1,10,0,44.44444444,0,0,0,0,0,1,0,0,1,12,2,9,18,36,37,0,0,1,1
УП-161,М,28,2,0,0,5,1,10,0,19.48696145,0,0,0,0,0,0,0,1,0,22,0,6,10,19,26,1,0,0,0
УП-154,М,40,2,0,0,2,1,8,1,21.60493827,1,0,0,0,0,0,0,1,1,22,0,18,9,15,17,1,0,0,0
УП-155,М,48,2,0,0,5,1,9,0,26.88093499,0,1,0,0,0,0,0,0,0,33,0,15,27,21,48,1,1,1,1
УП-152,М,26,3,1,0,1,1,7,1,21.38975604,0,0,0,0,0,0,0,0,0,19,0,7,9,7,18,1,0,0,0
УП-153,М,20,2,0,0,5,1,10,0,26.4915082,0,0,0,0,0,0,0,0,1,19,2,1,7,13,18,0,0,0,0
УП-157,М,24,2,0,0,1,0,8,1,17.716898,0,1,0,1,0,0,0,1,0,19,1,5,27,18,49,1,1,1,1
УП-158,М,36,2,0,0,1,0,10,0,19.14672216,0,0,0,0,0,0,0,0,0,25,2,11,7,31,18,0,0,0,0
УП-159,М,35,2,0,0,2,1,5,1,25.73708141,1,0,0,0,0,0,0,2,0,24,2,11,25,7,13,0,0,1,0
УП-160,М,34,2,0,0,5,1,9,1,19.92512982,1,0,0,0,0,0,0,2,0,26,2,8,15,17,18,1,1,0,0
УП-156,М,34,2,1,1,5,1,9,1,25.82644628,0,0,0,0,0,0,0,0,1,25,2,9,10,12,20,0,0,0,0
УП-162,М,54,2,0,0,2,0,10,1,22.30814991,1,1,0,0,0,0,1,2,0,23,1,31,9,10,33,1,0,1,0
УП-163,М,58,2,0,0,2,0,8,0,22.98190175,0,0,0,0,0,0,0,0,1,35,2,23,15,15,35,0,0,0,0
УП-169,М,56,2,0,0,5,1,9,0,25.99090318,0,0,0,1,0,0,0,1,0,25,0,31,15,18,31,1,0,0,1
УП-164,М,37,2,0,0,5,1,2,0,24.78425752,0,1,0,0,0,0,0,0,1,21,2,16,20,23,19,1,1,1,1
УП-165,М,24,2,0,0,5,0,9,1,20.41522491,1,0,0,0,0,0,0,2,0,18,0,6,14,13,30,1,1,1,0
УП-166,М,40,3,0,0,1,0,9,0,23.24598478,0,0,0,0,0,0,0,2,0,18,1,22,7,7,14,1,0,0,0
УП-167,М,34,2,0,0,5,1,10,1,31.53344671,0,0,0,0,0,0,0,0,1,21,0,13,7,9,20,1,0,1,0
УП-168,М,32,2,0,0,5,0,10,0,24.44180209,1,1,0,0,0,0,0,1,1,22,2,10,7,7,19,1,0,0,0
УП-170,М,53,2,0,0,5,1,3,0,23.14814815,1,0,0,0,0,0,0,1,0,27,0,26,13,13,25,0,0,0,0
УП-171,М,60,2,0,0,5,1,9,1,21.55102041,1,0,0,0,1,0,0,0,1,19,0,41,7,10,20,0,0,0,0
УП-172,М,47,2,1,1,1,1,8,1,23.19831507,0,0,0,0,0,0,0,2,1,21,2,26,7,14,19,0,0,0,0
УП-173,М,43,1,0,0,5,1,5,1,20.76124567,1,0,0,1,0,0,0,0,0,16,2,27,9,27,30,1,1,0,0
УП-174,М,33,2,0,0,2,0,6,1,34.45095486,0,1,0,1,0,0,0,2,0,21,1,12,14,10,27,1,1,1,1
УП-175,М,45,1,0,0,5,0,7,0,34.78073793,0,0,0,0,0,0,0,1,1,21,0,24,9,9,25,1,0,1,0
УП-176,М,32,2,0,0,1,1,7,1,35.49215792,0,0,0,0,0,1,0,1,0,22,2,10,10,11,28,1,1,1,1
УП-177,М,29,4,0,0,1,1,10,0,20.2812331,0,0,0,0,0,0,0,2,1,23,1,6,7,7,22,0,0,0,0
УП-178,М,30,4,1,0,5,1,10,1,26.42356982,0,0,0,0,0,0,0,1,1,22,0,8,7,7,19,0,0,0,0
УП-179,М,60,4,0,0,1,0,10,1,20.57142857,1,0,0,0,0,0,0,1,0,35,1,25,9,15,29,1,0,0,0
УП-180,М,23,2,0,0,5,1,7,1,30.82933976,0,0,0,0,0,0,0,0,0,18,0,5,15,20,30,1,0,1,1
УП-181,М,57,2,0,1,4,0,3,1,30.04081633,1,1,0,0,0,0,0,2,0,30,2,27,12,15,34,1,1,1,1
УП-182,Ж,50,2,0,1,1,0,5,1,36.51263743,1,1,0,0,0,0,1,2,0,17,0,33,14,18,30,0,1,1,1
УП-183,Ж,38,2,0,0,5,1,8,0,25.91068435,0,0,0,0,0,0,0,0,0,31,2,7,10,19,19,0,0,0,0
УП-184,Ж,34,4,1,0,2,0,4,1,20.76124567,0,1,0,0,0,0,1,1,0,27,2,7,15,10,32,0,1,1,1
УП-185,Ж,26,2,0,0,5,0,6,1,23.93606231,0,0,0,1,0,0,0,0,0,20,0,6,16,12,33,1,0,1,0
УП-186,М,34,2,0,0,5,1,5,1,19.04700413,0,0,0,0,0,0,0,0,0,25,0,9,14,36,38,0,0,1,0
УП-187,М,32,4,0,1,4,0,8,0,18.62138619,0,1,0,1,0,0,0,1,1,20,0,12,15,21,41,1,1,0,0
УП-188,М,36,2,0,0,4,1,7,1,22.94408888,1,1,0,0,0,0,1,1,1,21,0,15,10,22,40,0,0,1,1
УП-189,М,29,3,0,0,4,0,9,1,21.19274242,1,0,0,0,0,0,0,2,1,22,0,7,10,15,29,1,0,0,0
УП-190,Ж,52,2,1,0,2,0,2,1,36.98224852,0,1,0,0,0,0,1,1,1,47,2,5,31,16,42,1,1,1,1
УП-191,М,27,3,0,0,3,1,5,1,19.71332153,0,0,0,0,0,0,0,1,1,18,2,9,20,34,44,0,0,0,0
УП-192,М,36,4,1,0,1,0,6,0,34.56790123,0,1,0,0,1,1,1,2,0,25,0,11,12,19,42,1,1,1,1
УП-193,М,41,2,1,1,5,1,8,1,24.69135802,0,0,0,0,1,0,0,2,1,5,0,36,25,27,49,1,0,1,1
УП-194,М,45,4,0,0,5,1,8,0,27.44059917,0,0,0,0,0,0,0,1,1,25,1,20,11,10,24,0,0,0,0
УП-195,М,45,1,0,0,4,1,5,1,21.484375,0,0,0,0,0,0,0,0,1,41,2,4,10,21,33,1,0,1,1
УП-196,Ж,44,4,0,0,2,0,7,0,23.24380165,1,1,0,0,0,0,1,1,1,26,0,18,18,14,37,0,0,1,0
УП-197,М,32,3,0,0,5,0,7,1,31.53344671,1,0,0,0,0,0,1,1,0,28,0,4,8,10,25,1,0,0,0
УП-198,М,35,4,1,0,3,1,10,1,20.47826661,1,1,0,0,0,0,0,1,1,20,2,15,16,9,27,0,0,0,0
УП-199,М,34,2,0,0,5,1,7,0,23.93948099,1,0,0,0,0,0,1,2,1,18,0,16,9,18,32,0,0,0,0
УП-200,М,33,3,0,0,5,0,7,1,33.63265306,1,0,0,1,1,0,0,1,1,21,0,12,11,14,28,1,0,0,0
УП-201,М,37,4,0,1,4,0,8,1,24.67702134,1,1,0,0,1,1,1,1,0,22,0,15,10,12,26,1,0,0,0
УП-202,М,51,4,0,0,4,0,8,1,31.14186851,0,0,0,1,1,0,0,2,1,25,1,26,9,21,31,0,1,1,0
УП-203,М,46,4,1,0,3,1,7,0,22.5308642,0,0,0,0,0,0,0,0,0,22,0,24,25,20,44,1,0,0,0
УП-204,Ж,29,2,0,0,2,0,5,1,17.0392308,0,0,0,0,0,0,0,1,0,25,1,4,16,28,39,1,1,1,1
УП-205,М,32,2,0,0,4,1,10,0,26.453,0,0,0,1,0,0,0,0,0,20,0,12,18,15,25,1,0,0,0
УП-206,М,55,2,0,0,5,1,6,0,20.61925365,0,0,0,0,0,0,0,0,1,23,0,32,9,14,26,0,0,0,0
УП-207,М,34,2,0,0,3,0,5,1,18.82716049,1,0,0,0,0,0,0,1,1,12,0,22,24,19,44,1,0,1,0
УП-208,М,60,2,0,0,5,0,10,1,20.2812331,0,0,0,0,0,0,0,1,0,36,0,24,14,25,35,1,0,0,0
УП-209,М,39,3,1,0,4,0,8,1,22.03856749,0,0,0,1,0,0,0,1,1,20,0,19,10,14,38,1,0,1,1
УП-210,М,33,2,0,0,4,0,5,1,27.75510204,0,0,0,0,1,0,1,0,1,23,0,10,15,14,34,0,1,0,1
УП-211,М,24,2,0,0,4,0,8,1,26.12244898,0,0,0,0,0,0,1,0,1,23.5,1,0.5,7,18,28,0,0,1,1
УП-212,М,32,2,0,0,5,0,7,0,23.09540901,0,0,0,1,0,0,1,0,1,23,1,9,15,13,33,0,0,0,0
УП-213,М,35,2,0,0,4,1,8,0,25.96304794,1,1,0,1,0,0,1,2,1,17,0,18,13,13,27,1,0,0,1
УП-214,М,42,3,1,1,5,1,10,1,36.29592223,1,0,0,0,0,1,1,2,1,22,0,20,16,11,20,1,0,0,0
УП-215,М,27,2,0,0,5,1,5,0,23.7953599,1,0,0,0,0,0,0,2,0,21,2,6,12,22,28,0,0,0,0
УП-216,Ж,43,4,0,0,3,0,5,1,25.40281608,1,1,0,1,0,0,1,2,1,22,0,21,11,13,34,1,1,1,1
УП-217,М,44,4,0,0,5,1,8,1,27.08415907,1,1,0,0,1,0,0,1,0,28,0,16,11,14,25,0,0,0,0
УП-218,М,29,2,1,0,2,1,8,1,21.97133586,0,0,0,0,0,0,0,2,1,19,1,10,17,11,28,1,1,0,0
УП-219,М,33,4,0,0,5,1,10,1,27.77777778,0,0,0,0,0,0,0,0,0,21,2,12,9,13,24,0,0,0,0
УП-220,М,50,2,0,0,5,1,8,1,26.51180407,0,0,0,0,0,0,0,1,0,25,2,25,17,12,25,0,0,0,0
УП-221,М,35,2,1,0,3,1,5,0,31.28092183,0,0,0,0,0,0,0,2,0,27,0,8,24,20,42,0,1,0,0
УП-222,М,36,3,0,0,5,1,6,1,34.28571429,0,0,0,0,1,0,1,0,0,21,1,15,11,22,35,0,1,1,1
УП-223,М,48,2,1,0,4,0,9,0,21.71806609,1,1,0,0,0,0,0,0,1,20,2,28,10,16,24,0,0,0,0
УФ-1,М,33,3,0,0,5,1,9,0,16.32653061,0,0,0,0,0,0,0,0,1,16,0,17,9,37,36,0,0,0,0
УФ-2,М,54,2,0,0,2,0,1,1,29.08587258,1,0,0,0,0,0,0,1,0,20.5,0,33.5,20,19,41,1,0,1,1
УФ-3,М,54,2,1,1,4,0,8,1,25.10239133,1,0,0,1,0,0,0,2,0,21,0,33,17,8,23,0,0,0,0
УФ-4,М,29,4,0,0,4,1,7,1,20.90238586,0,1,0,0,1,1,0,2,1,25,1,4,18,16,34,1,1,1,1
УФ-5,М,49,4,0,0,5,1,6,1,24.59321113,0,1,0,0,0,0,0,2,1,32,0,17,9,11,21,1,0,0,0
УФ-6,М,45,4,0,0,5,0,7,1,30.42184965,0,0,0,0,0,0,0,1,1,32.5,0,12.5,11,11,34,1,1,1,1
УФ-7,М,31,2,0,0,1,0,1,0,23.05175491,1,0,0,0,0,0,0,2,1,21,2,10,21,24,52,1,1,1,1
УФ-8,М,32,3,1,0,5,0,8,0,22.231,0,0,0,1,0,0,0,1,0,22.5,0,9.5,7,10,22,0,0,0,0
УФ-9,М,42,4,0,0,5,1,8,0,26.75386445,0,0,0,1,1,0,0,2,0,30,0,12,9,23,21,0,0,0,0
УФ-10,М,32,4,0,0,5,0,9,1,24.367,0,0,0,0,0,0,0,2,0,23,0,9,20,8,46,1,1,0,0
УФ-11,М,47,3,1,0,1,1,7,1,20.97601205,1,0,0,0,0,0,0,2,0,22,2,25,11,13,29,0,0,0,0
УФ-12,Ж,29,3,0,0,5,1,9,1,18.36547291,0,1,0,0,0,0,0,1,0,19,0,10,10,30,37,0,0,1,0
УФ-13,Ж,43,2,0,0,5,0,5,1,28.98114344,1,1,0,0,0,0,0,0,1,21,0,22,13,16,22,1,0,1,1
УФ-14,Ж,51,2,0,0,5,1,5,1,27.08415907,1,0,0,0,1,0,0,2,1,25,0,26,18,18,41,1,1,1,1
УФ-15,Ж,45,2,0,0,4,1,7,0,35.55555556,0,0,0,0,0,1,0,2,1,23,2,22,15,8,26,1,1,1,1
УФ-16,Ж,35,3,0,0,1,0,3,0,25.0995016,1,0,0,0,0,0,0,0,1,23,0,12,26,12,38,0,0,1,1
УФ-17,Ж,37,2,0,0,1,0,4,1,29.03178981,0,0,0,0,0,0,0,1,1,25,1,12,21,16,49,0,1,1,1
УФ-18,Ж,40,4,0,0,4,1,10,1,31.40495868,1,0,0,0,0,0,0,1,0,31,2,9,7,7,22,0,0,0,0
УФ-19,М,37,3,1,1,5,1,9,1,27.45982194,0,0,0,0,0,1,0,2,0,19,0,18,7,7,18,0,0,0,0
УФ-20,Ж,48,4,0,1,5,1,6,1,26.2226847,1,0,1,0,0,0,0,0,0,39,0,9,8,7,17,0,0,0,0
УФ-24,Ж,57,3,0,0,2,1,10,1,23.80869017,1,1,0,1,0,0,0,2,1,20,2,37,7,10,16,1,1,0,0
УФ-25,Ж,37,1,0,1,4,0,10,1,31.24499279,1,0,0,0,0,0,0,2,1,15,1,22,9,7,16,1,0,0,0
УФ-26,М,38,2,0,0,5,0,9,1,33.9100346,1,0,0,0,0,0,0,1,0,28,1,10,18,11,16,1,0,0,0
УФ-27,М,34,2,1,0,5,0,10,0,25.95155709,1,0,0,0,0,0,0,0,0,32,2,2,7,7,16,0,0,0,0
УФ-28,М,49,4,0,0,5,0,10,1,17.85651763,1,0,0,0,0,0,0,1,0,20,0,29,18,7,21,1,0,0,0
УФ-29,М,36,2,0,0,3,1,6,0,23.846,0,0,0,0,0,0,0,0,0,18,0,18,32,29,56,1,0,1,1
УФ-30,М,40,2,0,0,5,1,9,0,23.99945917,1,0,0,1,0,0,0,1,0,23,2,17,25,14,32,1,1,0,0
УФ-31,М,52,4,0,1,5,1,10,1,37.32329238,0,0,0,1,1,0,0,2,0,39,2,13,7,7,16,1,0,1,0
УФ-32,М,35,3,0,0,2,0,7,1,35.18853306,1,0,0,0,0,0,0,0,0,19,0,16,19,8,31,0,0,1,1
УФ-33,М,57,2,0,0,1,0,9,1,27.43484225,1,0,0,0,0,0,0,0,0,22,0,35,10,10,23,0,0,0,0
УФ-34,М,24,4,1,0,5,1,10,1,19.88385305,0,0,0,0,0,0,0,1,1,18,0,6,7,9,27,0,0,0,0
УФ-33-2,М,41,2,0,0,3,0,9,1,20.2812331,1,0,0,0,1,0,0,2,0,28,2,13,14,13,21,1,1,1,0
УФ-34-2,М,32,2,0,0,5,1,10,1,27.04164413,1,0,0,0,0,0,0,2,1,23,1,9,7,12,28,0,0,1,0
